Telomere repeats,species,Label
CCCTAA,Homo sapiens,Yes
GAGTTG,Homo sapiens,No
GGGATT,Homo sapiens,Yes
TTGTCC,Botryllus schlosseri,No
TGTCCC,Oikopleura dioica,No
TTAGGG,Botryllus schlosseri,Yes
GTCCCA,Homo sapiens,No
TCCCAA,Botryllus schlosseri,No
TTAGGG,Argopecten irradians,Yes
CCCAAA,Ciona savignyi,No
CCAAAG,Donax trunculus,No
GAGGTA,Oikopleura dioica,No
TTAGGG,Donax trunculus,Yes
GGTAAT,Homo sapiens,No
GGGATT,Botryllus schlosseri,Yes
AGAGAA,Homo sapiens,No
TTAGGG,Strongylocentrotus purpuratus,Yes
GAGAAG,Oikopleura dioica,No
AGCTGC,Botryllus schlosseri,No
GCCCTC,Homo sapiens,No
CCCTAA,Oikopleura dioica,Yes
GCCATG,Oikopleura dioica,No
ACAGCT,Botryllus schlosseri,No
CAGCTT,Homo sapiens,No
AATCCC,Homo sapiens,Yes
AGCCCT,Botryllus schlosseri,No
CCTAGG,Oikopleura dioica,No
TTAGGG,Homo sapiens,Yes
AGGGAA,Homo sapiens,No
GGGATT,Argopecten irradians,Yes
AATCCC,Oikopleura dioica,Yes
GGAACA,Homo sapiens,No
AACAAG,Homo sapiens,No
ACAAGC,Botryllus schlosseri,No
AAGCAT,Homo sapiens,No
AATCCC,Botryllus schlosseri,Yes
CATTAA,Homo sapiens,No
GGGATT,Oikopleura dioica,Yes
TTAAAC,Oikopleura dioica,No
GGGATT,Donax trunculus,Yes
AAACTG,Homo sapiens,No
ACTGAC,Oikopleura dioica,No
CTGACA,Argopecten irradians,No
TGACAC,Homo sapiens,No
GACACT,Homo sapiens,No
CCCTAA,Ciona savignyi,Yes
ACACTC,Homo sapiens,No
GATTCT,Homo sapiens,No
AATCCC,Argopecten irradians,Yes
ATTCTG,Ciona savignyi,No
TTAGGG,Oikopleura dioica,Yes
TCTGTA,Homo sapiens,No
CCCTAA,Botryllus schlosseri,Yes
CTGTAG,Homo sapiens,No
TGTAGC,Oikopleura dioica,No
GTCATG,Homo sapiens,No
CATGGA,Homo sapiens,No
AATCCC,Ciona savignyi,Yes
TGGAAG,Homo sapiens,No
GGGATT,Strongylocentrotus purpuratus,Yes
AAGAAA,Ciona savignyi,No
AGAAAG,Homo sapiens,No
GAAAGC,Oikopleura dioica,No
AAAGCC,Homo sapiens,No
AAGCCT,Homo sapiens,No
CACAGA,Botryllus schlosseri,Yes
CCCTAA,Argopecten irradians,Yes
GGAACC,Homo sapiens,No
CCAAGG,Oikopleura dioica,No
TGGACA,Homo sapiens,No
GACACA,Ciona savignyi,No
AATCCC,Donax trunculus,Yes
GGGATT,Ciona savignyi,Yes
ACACAT,Argopecten irradians,No
AATCCC,Strongylocentrotus purpuratus,Yes
ACATTC,Ciona savignyi,No
TGGAAA,Donax trunculus,No
CCCTAA,Strongylocentrotus purpuratus,Yes
GGAAAG,Botryllus schlosseri,No
GAAAGT,Homo sapiens,No
CAACCT,Oikopleura dioica,No
AGACAC,Homo sapiens,Yes
CCCTAA,Donax trunculus,Yes
CCTCTG,Botryllus schlosseri,No
TTAGGG,Ciona savignyi,Yes
CCCTA,Gammarus pulex,No
CCTAA,Graphoderus cinereus,Yes
CTAAC,Gammarus pulex,No
AACCC,Melanotus legatus,No
ACCCT,Leptinotarsa decemlineata,No
CCCTT,Agrilus viridis,No
CCTTA,Gammarus pulex,No
TTAGG,Melanotus legatus,Yes
TTAGG,Graphoderus cinereus,Yes
CTTAC,Typhaea stercorea,No
TTACC,Ampedus sanguineus,No
TACCC,Diacanthous undosus,No
ACCCC,Melanotus legatus,No
CCCCT,Gammarus pulex,No
TTAGG,Agrilus viridis,Yes
CTTAA,Typhaea stercorea,No
TTAAC,Ampedus sanguineus,No
CCCCA,Graphoderus cinereus,No
CCCAA,Leptinotarsa decemlineata,No
TCAGG,Typhaea stercorea,Yes
TTAGG,Leptinotarsa decemlineata,Yes
CCTAA,Ampedus sanguineus,Yes
CCAAC,Gammarus pulex,No
TTAGG,Stegobium paniceum,Yes
TAAAC,Diacanthous undosus,No
AAACC,Stegobium paniceum,No
CCCTC,Typhaea stercorea,No
CCTCA,Leptinotarsa decemlineata,No
GGACT,Typhaea stercorea,Yes
CTCAC,Ampedus sanguineus,No
TCACC,Gammarus pulex,No
CACCC,Melanotus legatus,No
TTAGG,Diacanthous undosus,Yes
TTCTA,Gammarus pulex,No
GGATT,Stegobium paniceum,Yes
GGATT,Agrilus viridis,Yes
GGATT,Gammarus pulex,Yes
GGATT,Melanotus legatus,Yes
TCTAA,Graphoderus cinereus,No
AGTCC,Typhaea stercorea,Yes
AACTG,Leptinotarsa decemlineata,No
ACTGG,Gammarus pulex,No
CTGGA,Ampedus sanguineus,No
TGGAC,Diacanthous undosus,No
AATCC,Stegobium paniceum,Yes
GGATT,Diacanthous undosus,Yes
GGACT,Gammarus pulex,No
CCTGA,Typhaea stercorea,Yes
TTAGG,Graphoderus cinereus,Yes
AATCC,Diacanthous undosus,Yes
GACTC,Typhaea stercorea,No
TCTGA,Stegobium paniceum,No
TGACC,Gammarus pulex,No
TTAGG,Ampedus sanguineus,Yes
GACCC,Leptinotarsa decemlineata,No
AATCC,Melanotus legatus,Yes
CCCTG,Gammarus pulex,No
CCTGA,Graphoderus cinereus,No
CTGAT,Gammarus pulex,No
CCTGA,Tribolium audax,Yes
CCTAA,Diacanthous undosus,Yes
GGATT,Leptinotarsa decemlineata,Yes
ATTGT,Gammarus pulex,No
TTGTT,Gammarus pulex,No
AATCC,Agrilus viridis,Yes
GGATT,Graphoderus cinereus,Yes
TGTTG,Tribolium audax,Yes
GTTGA,Gammarus pulex,No
TTGAG,Stegobium paniceum,No
TGAGG,Gammarus pulex,No
GAGGG,Leptinotarsa decemlineata,No
AGGGC,Tribolium audax,No
CCTAA,Stegobium paniceum,Yes
GGGCT,Gammarus pulex,No
GGCTG,Ampedus sanguineus,No
AATCC,Graphoderus cinereus,Yes
CCTAA,Melanotus legatus,Yes
GGATT,Ampedus sanguineus,Yes
CTGCA,Agrilus viridis,No
TGCAA,Gammarus pulex,No
TCAGG,Tribolium audax,Yes
CAAAG,Leptinotarsa decemlineata,No
AAAGA,Leptinotarsa decemlineata,No
GAGGA,Stegobium paniceum,No
AGGAA,Tribolium audax,No
GGAAG,Agrilus viridis,No
GAAGA,Gammarus pulex,No
AATCC,Leptinotarsa decemlineata,Yes
AAGAA,Gammarus pulex,No
AGAAT,Gammarus pulex,No
GAATT,Graphoderus cinereus,No
GGACT,Tribolium audax,Yes
TTTTA,Agrilus viridis,No
AATCC,Graphoderus cinereus,Yes
TTTAT,Gammarus pulex,No
TTATT,Ampedus sanguineus,No
CCTAA,Agrilus viridis,Yes
TATTT,Tribolium audax,No
TTTAC,Gammarus pulex,No
CCGTC,Leptinotarsa decemlineata,No
TCGCT,Gammarus pulex,No
CCTAA,Leptinotarsa decemlineata,Yes
CGCTG,Gammarus pulex,No
GCTGT,Tribolium audax,No
CCTAA,Graphoderus cinereus,Yes
AATCC,Ampedus sanguineus,Yes
TGTGG,Gammarus pulex,No
CCTAA,Graphoderus cinereus,Yes
GTGGC,Stegobium paniceum,No
